Grupo,Assunto,ID,Nome,Anos,Descrição
Demografia,Cor ou Raça,9606,População por Cor e Idade,"2000, 2010","População residente, por cor ou raça, segundo o sexo e a idade"
Demografia,População,475,População por Idade e Sexo,1996,População residente por grupos de idade, sexo e situação
Demografia,População,202,População por Sexo e Situação,"2000, 2010",População residente, por sexo e situação do domicílio
Demografia,População,9923,População por Situação,2022,População residente, por situação do domicílio
Demografia,Estimativas de População,6579,Estimativa Populacional Anual,2001-2024,População residente estimada
Demografia,Nascimentos,197,Nascidos Vivos por Idade da Mãe,2000-2002,Nascidos vivos ocorridos no ano por grupos de idade da mãe na ocasião do parto e sexo
Demografia,Nascimentos,2647,Nascidos Vivos por Mês e Sexo,2003-2023,"Nascidos vivos, ocorrido no ano, por mês do registro, sexo, local de nascimento ...."
Demografia,População,1552,População por Idade e Sexo,"2000, 2010",População residente, por situação do domicílio e sexo, segundo a forma de declaração da idade e a idade
Demografia,População,9514,População por Idade e Sexo,2022,"População residente, por sexo, idade e forma de declaração da idade"
Demografia,Óbitos,2684,Óbitos por Idade e Sexo,2003-2023,"Óbitos, por ano de ocorrência, natureza do óbito, sexo, idade, local de ocorrência e lugar do registro"
Demografia,Migração,3207,Migrantes Recentes,2010,"Pessoas de 5 anos ou mais de idade que não residiam no município em 31/07/2005, por sexo, situação do domicílio e grupos de idade"
Demografia,Deficiência Permanente,1495,Pessoas com Deficiência,2010,População residente, por tipo de deficiência permanente - Resultados Gerais da Amostra
Demografia,Deficiência Permanente,2111,Deficiência por Idade e Sexo,2010,População residente por tipo de deficiência, situação do domicílio, sexo e grupos de idade
Demografia,Emigração Nacional,3172,Emigrantes por Sexo e UF,2010,"Emigrantes internacionais, por sexo, segundo as Grandes Regiões e Unidades da Federação das pessoas com quem residiram antes de emigrarem"
Demografia,Emigração Internacional,3173,Emigrantes por País Destino,2010,Emigrantes internacionais, por sexo, segundo os continentes e países estrangeiros de destino
Economia Finanças e Emprego,PIB dos Municípios,5938,PIB Municipal,2002-2022,Produto interno bruto a preços correntes, impostos...
Economia Finanças e Emprego,Rendimento do Trabalho,3552,Rendimento Médio Mensal,2010,Valor do rendimento nominal médio mensal de todos os trabalhos...
Economia Finanças e Emprego,Estatísticas das Empresas,1685,Empresas e Empregos (CEMPRE),1996-2022,"Unidades locais, empresas e outras organizações atuantes..."
Economia Finanças e Emprego,Ocupação por Setor,3602,Pessoas Ocupadas por Atividade,2010,"Pessoas de 10 anos ou mais de idade, ocupadas na semana de referência..."
Economia Finanças e Emprego,Condição de Atividade,616,Mercado de Trabalho,2010,Pessoas de 10 anos ou mais de idade por grupos de idade...
Economia Finanças e Emprego,Estatísticas das Empresas,993,Empresas por CNAE (CEMPRE Antiga),2007-2021,Empresas e outras organizações, por seção da classificação de atividades...
Economia Finanças e Emprego,Estatísticas das Empresas,9582,Empresas por CNAE (CEMPRE Nova),2021-2022,Empresas e outras organizações, por seção da classificação de atividades...
Economia Finanças e Emprego,Rendimento do Responsável,1494,Renda do Responsável,2010,Pessoas responsáveis pelos domicílios particulares permanentes...
Educação,Alfabetização,9543,Taxa de Alfabetização,2022,Taxa de alfabetização das pessoas de 15 anos ou mais de idade...
Mobilidade Transporte e Trânsito,Deslocamento Casa-Trabalho,3604,Tempo de Deslocamento,2010,"Pessoas de 10 anos ou mais de idade, ocupadas na semana de referência..."
Saneamento e Condições de Moradia,Infraestrutura do Domicílio,3504,Densidade, Água e Esgoto,2010,Domicílios particulares permanentes, por densidade de moradores...
Saneamento e Condições de Moradia,Abastecimento de Água,2420,Abastecimento de Água,2000,Domicílios particulares permanentes e Moradores...
Saneamento e Condições de Moradia,Esgotamento Sanitário,2421,Esgotamento Sanitário,2000,Domicílios particulares permanentes e Moradores...
Saneamento e Condições de Moradia,Lixo em Aglomerados Subnormais,3384,Lixo em Favelas,2010,"Domicílios particulares permanentes em aglomerados subnormais..."
Saneamento e Condições de Moradia,Serviços e Bens Duráveis,2408,Bens Duráveis no Domicílio,2000,Domicílios particulares permanentes e Moradores...
Saneamento e Condições de Moradia,Condição de Ocupação,2419,Ocupação do Domicílio,2000,Domicílios particulares permanentes e Moradores...
Saneamento e Condições de Moradia,Pesquisa Urbanística de Entorno,6591,Entorno dos Domicílios,2010,Moradores em domicílios particulares permanentes ocupados...
Saneamento e Condições de Moradia,Abastecimento de Água (Entorno),6751,Água no Entorno Urbano,2010,Domicílios particulares permanentes ocupados e moradores...
Saneamento e Condições de Moradia,Características dos Domicílios,6326,Tipos de Domicílio,2010,"Domicílios particulares permanentes ocupados, por tipo de domicílio"
Saneamento e Condições de Moradia,Esgotamento Sanitário,6805,Esgotamento Sanitário,2010,"Domicílios particulares permanentes ocupados, por tipo de esgotamento sanitário"
Saneamento e Condições de Moradia,Destino do Lixo,6892,Destino do Lixo,2010,"Domicílios particulares permanentes ocupados, por destino do lixo"
